termo_busca,produto,tipo,gateway,nicho,temperatura,mencoes,faixa_preco,primeira_vez_visto,rodadas_visto,descricao,evidencia_url
"stalkeia","Stalkeia","marca","PerfectPay","Espionagem e rastreamento","fria","2","R$ 47","2026-09-04","4","RA Ads Veja também todas as reclamações não respondidas respondidas finalizadas propaganda enganosa do Stalkeia.app e solicitação de reembolso do valor pago.  Resolvido  PerfectPay  Goiânia - GO  31/08/2026 às 04:47  ID: 257782105  realizei o pagamento direto no aplicativo; que prometia te entregar","https://www.reclameaqui.com.br/perfectpay/propaganda-enganosa-do-e-solicitacao-de-reembolso-do-valor-pago_yID1cmkfVopy5OrZ/"
"um curso e","um curso e","angulo","PerfectPay","Educação e consultoria","fria","1","","2026-09-06","1","RA Ads Veja também todas as reclamações não respondidas respondidas finalizadas [Editado pelo Reclame Aqui]  Resolvido  PerfectPay  Osasco - SP  31/08/2026 às 00:24  ID: 257779321  Fiz compra de um curso e é [Editado pelo Reclame Aqui]. Quero [Editado pelo Reclame Aqui] código *****  Aguardo.  RA Ad","https://www.reclameaqui.com.br/perfectpay/editado-pelo-reclame-aqui_UeZdzzFsRKKhakiR/"
"ra ads previous slide next slide compartilhe resp","RA Ads Previous slide Next slide Compartilhe Resp","angulo","PerfectPay","Ferramentas de IA / Produtividade","fria","1","","2026-09-06","1","RA Ads Veja também todas as reclamações não respondidas respondidas finalizadas [Editado pelo Reclame Aqui]  Resolvido  PerfectPay  Mogi das Cruzes - SP  30/08/2026 às 23:05  ID: 257777077  Sofia um [Editado pelo Reclame Aqui]; paguei e não recebi o produto  RA Ads Previous slide Next slide  Compart","https://www.reclameaqui.com.br/perfectpay/editado-pelo-reclame-aqui_SUXSgNqlxlTtM8rF/"
"e ele nao chegou quero meu dinheiro de volta ra ad","e ele nao chegou quero meu dinheiro de volta RA Ad","angulo","PerfectPay","Ferramentas de IA / Produtividade","fria","1","","2026-09-06","1","RA Ads Veja também todas as reclamações não respondidas respondidas finalizadas Propaganda inganosa  Respondida  PerfectPay  Caxias do Sul - RS  30/08/2026 às 15:07  ID: 257755023     Fiz a compra de um produto e ele nao chegou quero meu dinheiro de volta  RA Ads Previous slide Next slide  Compartil","https://www.reclameaqui.com.br/perfectpay/propaganda-inganosa_WXGZ3QLZ1OhfoBjb/"
"converza.io","Converza.io","marca","Cakto","Ferramentas de IA / Produtividade","fria","1","","2026-09-04","4","RA Ads Veja também todas as reclamações não respondidas respondidas finalizadas Exijo reembolso serviço não funciona e suporte não responde  Respondida  CAKTO PAY  São Paulo - SP  31/08/2026 às 03:25  ID: 257781633  Assinei um plano da Converza.io; porém não consigo sequer criar um dispositivo para","https://www.reclameaqui.com.br/cakto-pay/exijo-reembolso-servico-nao-funciona-e-suporte-nao-responde_OPi-rimJXtkjo2yB/"
"comunidade vsa","COMUNIDADE VSA","marca","Cakto","Espionagem e rastreamento","fria","1","R$ 248;89.","2026-09-04","4","RA Ads Veja também todas as reclamações não respondidas respondidas finalizadas Solicitação de reembolso de compra com erro de saldo na conta do vendedor  Respondida  CAKTO PAY  Junqueiro - AL  31/08/2026 às 02:34  ID: 257781211  Olá;  Solicito o reembolso da compra da COMUNIDADE VSA; realizada em 2","https://www.reclameaqui.com.br/cakto-pay/solicitacao-de-reembolso-de-compra-com-erro-de-saldo-na-conta-do-vendedor_e5d-tH3gUGahNktM/"
"retrato da sua alma gêmea","Retrato da Sua Alma Gêmea","marca","Cakto","Ferramentas de IA / Produtividade","fria","1","R$ 48;89","2026-09-04","4","RA Ads Veja também todas as reclamações não respondidas respondidas finalizadas [Editado pelo Reclame Aqui] e solicitação de estorno para produto "Retrato da Sua Alma Gêmea"  Respondida  CAKTO PAY  Campinas - SP  31/08/2026 às 02:06  ID: 257780917  Olá; equipe da Cakto Pay;No dia 28/08/2026; realize","https://www.reclameaqui.com.br/cakto-pay/editado-pelo-reclame-aqui-e-solicitacao-de-estorno-para-produto-retrato-da-sua-alma-gemea_H8ihRLGIEQMZ9WSb/"
"pack canva","Pack Canva","marca","Cakto","Educação e consultoria","fria","1","R$ 15;15","2026-09-06","1","RA Ads Veja também todas as reclamações não respondidas respondidas finalizadas Solicitação de cancelamento e reembolso de cursos online após arrependimento de compra.  Respondida  CAKTO PAY  Suzano - SP  30/08/2026 às 19:54  ID: 257768163  Me chamo *****; solicito o cancelamento e reembolso do valo","https://www.reclameaqui.com.br/cakto-pay/solicitacao-de-cancelamento-e-reembolso-de-cursos-online-apos-arrependimento-de-compra_-CZPnDHntp_r19_O/"
"em análise","em análise","angulo","Cakto","Educação e consultoria","fria","1","","2026-09-06","1","Veja também todas as reclamações não respondidas respondidas finalizadas Cadastro em análise há 10 dias e saldo preso na plataforma  Não respondida  CAKTO PAY  Olinda - PE  06/09/2026 às 03:52  ID: 258329517  Me afiliei à Cacto e já realizei minhas primeiras vendas; mas não consigo sacar meu dinheir","https://www.reclameaqui.com.br/cakto-pay/cadastro-em-analise-ha-10-dias-e-saldo-preso-na-plataforma_33Z4I-4H81OMuZA6/"
